user_id,session_id,timestamp,attempt_id,event_type,value,or_count,not_count,max_depth
U01,U01_S5,1790935249,U01_S5_A01,rule_submit,43.6,0,0,2
U01,U01_S5,1790935299,U01_S5_A02,rule_submit,44.3,0,0,0
U01,U01_S5,1790935356,U01_S5_A03,syntax_error,1,0,0,0
U01,U01_S5,1790935356,U01_S5_A03,semantic_error,1,0,0,0
U01,U01_S5,1790935356,U01_S5_A03,rule_submit,51.7,0,0,0
U01,U01_S5,1790935408,U01_S5_A04,rule_submit,46.9,1,0,0
U01,U01_S5,1790935466,U01_S5_A05,rule_submit,52.8,0,1,0
U01,U01_S5,1790935520,U01_S5_A06,saved_rule_reused,1,0,0,0
U01,U01_S5,1790935520,U01_S5_A06,rule_submit,48.3,0,0,0
U01,U01_S5,1790935569,U01_S5_A07,rule_submit,43.5,0,0,0
U01,U01_S5,1790935617,U01_S5_A08,saved_rule_reused,1,0,0,0
U01,U01_S5,1790935617,U01_S5_A08,rule_submit,43.0,0,0,0
U01,U01_S5,1790935663,U01_S5_A09,saved_rule_reused,1,0,0,0
U01,U01_S5,1790935663,U01_S5_A09,rule_submit,40.4,0,1,0
U01,U01_S5,1790935716,U01_S5_A10,rule_submit,47.9,0,0,0
U01,U01_S5,1790935757,U01_S5_A11,rule_submit,35.8,0,0,0
U01,U01_S5,1790935799,U01_S5_A12,rule_submit,36.3,0,0,0
U01,U01_S6,1790942452,U01_S6_A01,rule_submit,46.2,0,0,0
U01,U01_S6,1790942497,U01_S6_A02,semantic_error,1,0,0,0
U01,U01_S6,1790942497,U01_S6_A02,saved_rule_reused,1,0,0,0
U01,U01_S6,1790942497,U01_S6_A02,rule_submit,40.0,0,0,0
U01,U01_S6,1790942541,U01_S6_A03,semantic_error,1,0,0,0
U01,U01_S6,1790942541,U01_S6_A03,saved_rule_reused,1,0,0,0
U01,U01_S6,1790942541,U01_S6_A03,rule_submit,38.4,0,0,0
U01,U01_S6,1790942593,U01_S6_A04,rule_submit,46.2,0,1,0
U01,U01_S6,1790942648,U01_S6_A05,saved_rule_reused,1,0,0,0
U01,U01_S6,1790942648,U01_S6_A05,rule_submit,49.1,0,0,0
U01,U01_S6,1790942702,U01_S6_A06,syntax_error,1,0,0,0
U01,U01_S6,1790942702,U01_S6_A06,saved_rule_reused,1,0,0,0
U01,U01_S6,1790942702,U01_S6_A06,rule_submit,49.0,0,1,0
U01,U01_S6,1790942744,U01_S6_A07,rule_submit,36.4,0,0,0
U01,U01_S6,1790942791,U01_S6_A08,syntax_error,1,0,0,0
U01,U01_S6,1790942791,U01_S6_A08,rule_submit,42.0,1,0,0
U01,U01_S6,1790942853,U01_S6_A09,rule_submit,56.6,0,0,0
U01,U01_S6,1790942897,U01_S6_A10,semantic_error,1,0,0,0
U01,U01_S6,1790942897,U01_S6_A10,saved_rule_reused,1,0,0,0
U01,U01_S6,1790942897,U01_S6_A10,rule_submit,38.5,0,0,0
U01,U01_S6,1790942950,U01_S6_A11,rule_submit,47.4,0,0,0
U01,U01_S6,1790942996,U01_S6_A12,syntax_error,1,0,0,0
U01,U01_S6,1790942996,U01_S6_A12,rule_submit,40.7,0,1,0
U01,U01_S7,1790949665,U01_S7_A01,saved_rule_reused,1,0,0,0
U01,U01_S7,1790949665,U01_S7_A01,rule_submit,59.9,0,1,0
U01,U01_S7,1790949707,U01_S7_A02,saved_rule_reused,1,0,0,0
U01,U01_S7,1790949707,U01_S7_A02,rule_submit,36.7,0,0,0
U01,U01_S7,1790949761,U01_S7_A03,semantic_error,1,0,0,0
U01,U01_S7,1790949761,U01_S7_A03,rule_submit,48.6,1,0,0
U01,U01_S7,1790949799,U01_S7_A04,saved_rule_reused,1,0,0,0
U01,U01_S7,1790949799,U01_S7_A04,rule_submit,32.4,0,0,0
U01,U01_S7,1790949847,U01_S7_A05,saved_rule_reused,1,0,0,0
U01,U01_S7,1790949847,U01_S7_A05,rule_submit,42.8,0,0,0
U01,U01_S7,1790949891,U01_S7_A06,semantic_error,1,0,0,0
U01,U01_S7,1790949891,U01_S7_A06,rule_submit,39.0,0,1,0
U01,U01_S7,1790949955,U01_S7_A07,saved_rule_reused,1,0,0,0
U01,U01_S7,1790949955,U01_S7_A07,rule_submit,58.6,0,0,0
U01,U01_S7,1790950003,U01_S7_A08,saved_rule_reused,1,0,0,0
U01,U01_S7,1790950003,U01_S7_A08,rule_submit,42.7,0,0,2
U01,U01_S7,1790950070,U01_S7_A09,rule_submit,61.8,0,0,0
U01,U01_S7,1790950120,U01_S7_A10,rule_submit,44.1,0,1,0
U01,U01_S7,1790950178,U01_S7_A11,rule_submit,52.2,0,0,2
U01,U01_S7,1790950239,U01_S7_A12,saved_rule_reused,1,0,0,0
U01,U01_S7,1790950239,U01_S7_A12,rule_submit,55.7,0,0,0
U01,U01_S8,1790956864,U01_S8_A01,rule_submit,58.3,0,0,0
U01,U01_S8,1790956915,U01_S8_A02,syntax_error,1,0,0,0
U01,U01_S8,1790956915,U01_S8_A02,rule_submit,45.1,1,0,0
U01,U01_S8,1790956967,U01_S8_A03,saved_rule_reused,1,0,0,0
U01,U01_S8,1790956967,U01_S8_A03,rule_submit,46.7,1,0,0
U01,U01_S8,1790957013,U01_S8_A04,rule_submit,41.0,0,0,2
U01,U01_S8,1790957073,U01_S8_A05,syntax_error,1,0,0,0
U01,U01_S8,1790957073,U01_S8_A05,saved_rule_reused,1,0,0,0
U01,U01_S8,1790957073,U01_S8_A05,rule_submit,54.9,0,1,0
U01,U01_S8,1790957119,U01_S8_A06,rule_submit,40.8,1,0,0
U01,U01_S8,1790957176,U01_S8_A07,rule_submit,51.3,0,0,0
U01,U01_S8,1790957235,U01_S8_A08,saved_rule_reused,1,0,0,0
U01,U01_S8,1790957235,U01_S8_A08,rule_submit,53.1,0,0,0
U01,U01_S8,1790957294,U01_S8_A09,saved_rule_reused,1,0,0,0
U01,U01_S8,1790957294,U01_S8_A09,rule_submit,53.4,0,0,0
U01,U01_S8,1790957341,U01_S8_A10,saved_rule_reused,1,0,0,0
U01,U01_S8,1790957341,U01_S8_A10,rule_submit,41.9,0,0,0
U01,U01_S8,1790957388,U01_S8_A11,saved_rule_reused,1,0,0,0
U01,U01_S8,1790957388,U01_S8_A11,rule_submit,42.0,0,0,2
U01,U01_S8,1790957427,U01_S8_A12,rule_submit,33.4,0,0,0
U01,U01_S9,1790964036,U01_S9_A01,semantic_error,1,0,0,0
U01,U01_S9,1790964036,U01_S9_A01,saved_rule_reused,1,0,0,0
U01,U01_S9,1790964036,U01_S9_A01,rule_submit,30.9,0,1,0
U01,U01_S9,1790964089,U01_S9_A02,rule_submit,47.6,0,0,0
U01,U01_S9,1790964135,U01_S9_A03,rule_submit,40.4,0,0,0
U01,U01_S9,1790964196,U01_S9_A04,rule_submit,55.1,0,0,0
U01,U01_S9,1790964249,U01_S9_A05,rule_submit,48.0,1,0,0
U01,U01_S9,1790964307,U01_S9_A06,saved_rule_reused,1,0,0,0
U01,U01_S9,1790964307,U01_S9_A06,rule_submit,52.6,1,0,0
U01,U01_S9,1790964345,U01_S9_A07,rule_submit,32.9,1,0,0
U01,U01_S9,1790964393,U01_S9_A08,rule_submit,42.6,0,1,0
U01,U01_S9,1790964447,U01_S9_A09,rule_submit,48.9,0,0,0
U01,U01_S9,1790964508,U01_S9_A10,rule_submit,55.4,0,0,0
U01,U01_S9,1790964570,U01_S9_A11,rule_submit,56.8,0,0,0
U01,U01_S9,1790964620,U01_S9_A12,rule_submit,44.4,0,0,0
U01,U01_S10,1790971262,U01_S10_A01,rule_submit,56.6,0,0,0
U01,U01_S10,1790971314,U01_S10_A02,saved_rule_reused,1,0,0,0
U01,U01_S10,1790971314,U01_S10_A02,rule_submit,46.3,0,0,0
U01,U01_S10,1790971367,U01_S10_A03,rule_submit,48.0,0,0,0
U01,U01_S10,1790971418,U01_S10_A04,rule_submit,45.5,1,0,0
U01,U01_S10,1790971479,U01_S10_A05,saved_rule_reused,1,0,0,0
U01,U01_S10,1790971479,U01_S10_A05,rule_submit,55.7,0,0,0
U01,U01_S10,1790971520,U01_S10_A06,rule_submit,35.8,0,0,0
U01,U01_S10,1790971564,U01_S10_A07,saved_rule_reused,1,0,0,0
U01,U01_S10,1790971564,U01_S10_A07,rule_submit,38.6,0,0,0
U01,U01_S10,1790971603,U01_S10_A08,rule_submit,33.5,1,0,0
U01,U01_S10,1790971670,U01_S10_A09,saved_rule_reused,1,0,0,0
U01,U01_S10,1790971670,U01_S10_A09,rule_submit,61.6,0,0,0
U01,U01_S10,1790971720,U01_S10_A10,rule_submit,44.6,0,0,2
U01,U01_S10,1790971771,U01_S10_A11,saved_rule_reused,1,0,0,0
U01,U01_S10,1790971771,U01_S10_A11,rule_submit,45.7,0,0,0
U01,U01_S10,1790971823,U01_S10_A12,saved_rule_reused,1,0,0,0
U01,U01_S10,1790971823,U01_S10_A12,rule_submit,46.3,0,0,0
